,ID,Name,count,source,DoB,Views in millions
0,http://www.wikidata.org/entity/Q2831,Michael Jackson,310.0,Actor,,
1,http://www.wikidata.org/entity/Q22686,Donald Trump,307.0,Actor,,
2,http://www.wikidata.org/entity/Q9960,Ronald Reagan,306.0,Actor,,
3,http://www.wikidata.org/entity/Q882,Charlie Chaplin,247.0,Actor,,
4,http://www.wikidata.org/entity/Q7241,Rabindranath Tagore,236.0,Actor,,
5,http://www.wikidata.org/entity/Q4616,Marilyn Monroe,230.0,Actor,,
6,http://www.wikidata.org/entity/Q5577,Salvador Dalí,230.0,Actor,,
7,http://www.wikidata.org/entity/Q8704,Walt Disney,200.0,Actor,,
8,http://www.wikidata.org/entity/Q4612,Marlene Dietrich,191.0,Actor,,
9,http://www.wikidata.org/entity/Q4605,Sarah Bernhardt,186.0,Actor,,
10,http://www.wikidata.org/entity/Q1744,Madonna,184.0,Actor,,
11,http://www.wikidata.org/entity/Q392,Bob Dylan,179.0,Actor,,
12,http://www.wikidata.org/entity/Q1203,John Lennon,177.0,Actor,,
13,http://www.wikidata.org/entity/Q12897,Pelé,174.0,Actor,,
14,http://www.wikidata.org/entity/Q5608,Eminem,168.0,Actor,,
15,http://www.wikidata.org/entity/Q17515,Diego Maradona,167.0,Actor,,
16,http://www.wikidata.org/entity/Q8877,Steven Spielberg,166.0,Actor,,
17,http://www.wikidata.org/entity/Q78516,Anna Netrebko,166.0,Actor,,
18,http://www.wikidata.org/entity/Q36153,Beyoncé,165.0,Actor,,
19,http://www.wikidata.org/entity/Q1779,Louis Armstrong,165.0,Actor,,
20,http://www.wikidata.org/entity/Q13909,Angelina Jolie,163.0,Actor,,
21,http://www.wikidata.org/entity/Q83287,Selena Gomez,160.0,Actor,,
22,http://www.wikidata.org/entity/Q83338,Robin Williams,158.0,Actor,,
23,http://www.wikidata.org/entity/Q16397,Bruce Lee,156.0,Actor,,
24,http://www.wikidata.org/entity/Q25089,Woody Allen,156.0,Actor,,
25,http://www.wikidata.org/entity/Q7546,Ingmar Bergman,155.0,Actor,,
26,http://www.wikidata.org/entity/Q34424,Shakira,153.0,Actor,,
27,http://www.wikidata.org/entity/Q26876,Taylor Swift,151.0,Actor,,
28,http://www.wikidata.org/entity/Q38111,Leonardo DiCaprio,151.0,Actor,,
29,http://www.wikidata.org/entity/Q2685,Arnold Schwarzenegger,149.0,Actor,,
30,http://www.wikidata.org/entity/Q34436,Scarlett Johansson,149.0,Actor,,
31,http://www.wikidata.org/entity/Q44301,Jim Morrison,147.0,Actor,,
32,http://www.wikidata.org/entity/Q1362169,Agnez Mo,146.0,Actor,,
33,http://www.wikidata.org/entity/Q221310,Anggun,145.0,Actor,,
34,http://www.wikidata.org/entity/Q11637,Judy Garland,144.0,Actor,,
35,http://www.wikidata.org/entity/Q2599,Paul McCartney,144.0,Actor,,
36,http://www.wikidata.org/entity/Q1631,Édith Piaf,144.0,Actor,,
37,http://www.wikidata.org/entity/Q39829,Stephen King,142.0,Actor,,
38,http://www.wikidata.org/entity/Q37175,Johnny Depp,142.0,Actor,,
39,http://www.wikidata.org/entity/Q36949,Robert De Niro,141.0,Actor,,
40,http://www.wikidata.org/entity/Q4573,Sean Connery,141.0,Actor,,
41,http://www.wikidata.org/entity/Q42786,Audrey Hepburn,138.0,Actor,,
42,http://www.wikidata.org/entity/Q36268,Brigitte Bardot,138.0,Actor,,
43,http://www.wikidata.org/entity/Q39476,Emma Watson,136.0,Actor,,
44,http://www.wikidata.org/entity/Q30449,Avril Lavigne,136.0,Actor,,
45,http://www.wikidata.org/entity/Q41163,Al Pacino,136.0,Actor,,
46,http://www.wikidata.org/entity/Q205707,Bradley Cooper,134.0,Actor,,
47,http://www.wikidata.org/entity/Q34851,Elizabeth Taylor,134.0,Actor,,
48,http://www.wikidata.org/entity/Q10520,David Beckham,132.0,Actor,,
49,http://www.wikidata.org/entity/Q2263,Tom Hanks,132.0,Actor,,
50,http://www.wikidata.org/entity/Q44461,Richard Dawkins,132.0,Actor,,
51,http://www.wikidata.org/entity/Q12881,Paulo Coelho,131.0,Actor,,
52,http://www.wikidata.org/entity/Q32927,Valery Leontiev,131.0,Actor,,
53,http://www.wikidata.org/entity/Q5383,David Bowie,130.0,Actor,,
54,http://www.wikidata.org/entity/Q106529,Alain Delon,130.0,Actor,,
55,http://www.wikidata.org/entity/Q38222,George Lucas,130.0,Actor,,
56,http://www.wikidata.org/entity/Q4235,Miley Cyrus,130.0,Actor,,
57,http://www.wikidata.org/entity/Q43203,Clint Eastwood,129.0,Actor,,
58,http://www.wikidata.org/entity/Q34389,Whitney Houston,129.0,Actor,,
59,http://www.wikidata.org/entity/Q37459,Nicole Kidman,128.0,Actor,,
60,http://www.wikidata.org/entity/Q40912,Frank Sinatra,128.0,Actor,,
61,http://www.wikidata.org/entity/Q39792,Jack Nicholson,128.0,Actor,,
62,http://www.wikidata.org/entity/Q151892,Ariana Grande,128.0,Actor,,
63,http://www.wikidata.org/entity/Q41173,Demi Lovato,127.0,Actor,,
64,http://www.wikidata.org/entity/Q37876,Natalie Portman,127.0,Actor,,
65,http://www.wikidata.org/entity/Q34460,Gwyneth Paltrow,127.0,Actor,,
66,http://www.wikidata.org/entity/Q40096,Will Smith,127.0,Actor,,
67,http://www.wikidata.org/entity/Q55800,Oprah Winfrey,127.0,Actor,,
68,http://www.wikidata.org/entity/Q202765,Kate Winslet,126.0,Actor,,
69,http://www.wikidata.org/entity/Q873,Meryl Streep,126.0,Actor,,
70,http://www.wikidata.org/entity/Q23844,George Clooney,126.0,Actor,,
71,http://www.wikidata.org/entity/Q82110,Steven Seagal,126.0,Actor,,
72,http://www.wikidata.org/entity/Q6107,Tupac Shakur,125.0,Actor,,
73,http://www.wikidata.org/entity/Q503706,Chris Pratt,125.0,Actor,,
74,http://www.wikidata.org/entity/Q43252,Sophia Loren,125.0,Actor,,
75,http://www.wikidata.org/entity/Q40523,Julia Roberts,124.0,Actor,,
76,http://www.wikidata.org/entity/Q44306,Salman Rushdie,123.0,Actor,,
77,http://www.wikidata.org/entity/Q40504,Jim Carrey,123.0,Actor,,
78,http://www.wikidata.org/entity/Q41594,Christina Aguilera,123.0,Actor,,
79,http://www.wikidata.org/entity/Q129817,Russell Crowe,122.0,Actor,,
80,http://www.wikidata.org/entity/Q9570,Amitabh Bachchan,122.0,Actor,,
81,http://www.wikidata.org/entity/Q9535,Shah Rukh Khan,122.0,Actor,,
82,http://www.wikidata.org/entity/Q37001,Toshirō Mifune,121.0,Actor,,
83,http://www.wikidata.org/entity/Q3772,Quentin Tarantino,121.0,Actor,,
84,http://www.wikidata.org/entity/Q23543,Selena,121.0,Actor,,
85,http://www.wikidata.org/entity/Q48337,Morgan Freeman,121.0,Actor,,
86,http://www.wikidata.org/entity/Q42493,Katy Perry,121.0,Actor,,
87,http://www.wikidata.org/entity/Q40791,Sandra Bullock,121.0,Actor,,
88,http://www.wikidata.org/entity/Q23891,Andrew Garfield,120.0,Actor,,
89,http://www.wikidata.org/entity/Q56016,Katharine Hepburn,120.0,Actor,,
90,http://www.wikidata.org/entity/Q41076,Mariah Carey,120.0,Actor,,
91,http://www.wikidata.org/entity/Q80966,Cate Blanchett,120.0,Actor,,
92,http://www.wikidata.org/entity/Q2643,George Harrison,120.0,Actor,,
93,http://www.wikidata.org/entity/Q102124,Sigourney Weaver,119.0,Actor,,
94,http://www.wikidata.org/entity/Q83158,Jean Cocteau,119.0,Actor,,
95,http://www.wikidata.org/entity/Q72984,Bing Crosby,119.0,Actor,,
96,http://www.wikidata.org/entity/Q132964,Vladimir Mayakovsky,119.0,Actor,,
97,http://www.wikidata.org/entity/Q43247,Ingrid Bergman,118.0,Actor,,
98,http://www.wikidata.org/entity/Q32522,Jennifer Aniston,118.0,Actor,,
99,http://www.wikidata.org/entity/Q5673,Hans Christian Andersen,236.0,Author,1805-04-02,
100,http://www.wikidata.org/entity/Q5686,Charles Dickens,231.0,Author,1812-02-07,
101,http://www.wikidata.org/entity/Q7200,Alexander Pushkin,224.0,Author,1799-06-06,
102,http://www.wikidata.org/entity/Q30875,Oscar Wilde,215.0,Author,1854-10-16,
103,http://www.wikidata.org/entity/Q6882,James Joyce,192.0,Author,1882-02-02,
104,http://www.wikidata.org/entity/Q892,J. R. R. Tolkien,191.0,Author,1892-01-03,
105,http://www.wikidata.org/entity/Q9317,John Maynard Keynes,173.0,Author,1883-06-05,
106,http://www.wikidata.org/entity/Q7197,Simone de Beauvoir,169.0,Author,1908-01-09,
107,http://www.wikidata.org/entity/Q34660,J. K. Rowling,169.0,Author,1965-07-31,
108,http://www.wikidata.org/entity/Q5603,Andy Warhol,167.0,Author,1928-08-06,
109,http://www.wikidata.org/entity/Q40909,Virginia Woolf,156.0,Author,1882-01-25,
110,http://www.wikidata.org/entity/Q39246,Richard Feynman,152.0,Author,1918-05-11,
111,http://www.wikidata.org/entity/Q7371,Federico Fellini,151.0,Author,1920-01-20,
112,http://www.wikidata.org/entity/Q44519,Selma Lagerlöf,150.0,Author,1858-11-20,
113,http://www.wikidata.org/entity/Q1276,Leonard Cohen,131.0,Author,1934-09-21,
114,http://www.wikidata.org/entity/Q10390,John McCain,129.0,Author,1936-08-29,
115,http://www.wikidata.org/entity/Q80440,Anna Akhmatova,126.0,Author,1889-06-23,
116,http://www.wikidata.org/entity/Q3816,George Sand,126.0,Author,1804-07-01,
117,http://www.wikidata.org/entity/Q2677,Wilhelm II,125.0,Author,1859-01-27,
118,http://www.wikidata.org/entity/Q79969,Emma Goldman,122.0,Author,1869-06-27,
119,http://www.wikidata.org/entity/Q60025,Hannah Arendt,116.0,Author,1906-10-14,
120,http://www.wikidata.org/entity/Q83059,Saul Bellow,115.0,Author,1915-06-10,
121,http://www.wikidata.org/entity/Q835,Mikhail Bulgakov,114.0,Author,1891-05-15,
122,http://www.wikidata.org/entity/Q272855,Kazuo Ishiguro,113.0,Author,1954-11-08,
123,http://www.wikidata.org/entity/Q34584,Anastacia,105.0,Author,1968-09-17,
124,http://www.wikidata.org/entity/Q181659,Ursula K. Le Guin,103.0,Author,1929-10-21,
125,http://www.wikidata.org/entity/Q100948,Rachel Carson,102.0,Author,1907-05-27,
126,http://www.wikidata.org/entity/Q155845,Chinua Achebe,101.0,Author,1930-11-16,
127,http://www.wikidata.org/entity/Q76409,Charles Bukowski,101.0,Author,1920-08-16,
128,http://www.wikidata.org/entity/Q46248,Terry Pratchett,101.0,Author,1948-04-28,
129,http://www.wikidata.org/entity/Q93356,Seamus Heaney,99.0,Author,1939-04-13,
130,http://www.wikidata.org/entity/Q103876,Peter O'Toole,99.0,Author,1932-08-02,
131,http://www.wikidata.org/entity/Q104027,Kirk Douglas,97.0,Author,1916-12-09,
132,http://www.wikidata.org/entity/Q104049,Sidney Poitier,97.0,Author,1927-02-20,
133,http://www.wikidata.org/entity/Q2754,Jaroslav Hašek,93.0,Author,1883-04-30,
134,http://www.wikidata.org/entity/Q105756,John Updike,89.0,Author,1932-03-18,
135,http://www.wikidata.org/entity/Q184650,Donald Rumsfeld,87.0,Author,1932-07-09,
136,http://www.wikidata.org/entity/Q152306,Carl Gustaf Emil Mannerheim,85.0,Author,1867-06-16,
137,http://www.wikidata.org/entity/Q179051,Kareem Abdul-Jabbar,84.0,Author,1947-04-16,
138,http://www.wikidata.org/entity/Q104358,Billie Holiday,84.0,Author,1915-04-07,
139,http://www.wikidata.org/entity/Q53009,Bernardo Bertolucci,82.0,Author,1941-03-16,
140,http://www.wikidata.org/entity/Q221464,Gilbert Gottfried,80.0,Author,1955-02-28,
141,http://www.wikidata.org/entity/Q188385,Gertrude Stein,79.0,Author,1874-02-03,
142,http://www.wikidata.org/entity/Q106275,Juliette Binoche,79.0,Author,1964-03-09,
143,http://www.wikidata.org/entity/Q150943,Gene Hackman,79.0,Author,1930-01-30,
144,http://www.wikidata.org/entity/Q167821,Gore Vidal,79.0,Author,1925-10-03,
145,http://www.wikidata.org/entity/Q207036,A. A. Milne,75.0,Author,1882-01-18,
146,http://www.wikidata.org/entity/Q168041,Zbigniew Brzezinski,75.0,Author,1928-03-28,
147,http://www.wikidata.org/entity/Q373895,Betty White,75.0,Author,1922-01-17,
148,http://www.wikidata.org/entity/Q1275768,Fred Rogers,75.0,Author,1928-03-20,
149,http://www.wikidata.org/entity/Q206972,Olympe de Gouges,73.0,Author,1748-05-07,
150,http://www.wikidata.org/entity/Q43994,Matt Groening,72.0,Author,1954-02-15,
151,http://www.wikidata.org/entity/Q44131,Werner Herzog,72.0,Author,1942-09-05,
152,http://www.wikidata.org/entity/Q189950,Osip Mandelstam,71.0,Author,1891-01-14,
153,http://www.wikidata.org/entity/Q217160,Kenny Rogers,71.0,Author,1938-08-21,
154,http://www.wikidata.org/entity/Q233950,Daniel Kahneman,71.0,Author,1934-03-05,
155,http://www.wikidata.org/entity/Q152441,Janusz Korczak,71.0,Author,1878-07-22,
156,http://www.wikidata.org/entity/Q1004037,Frederik X of Denmark,71.0,Author,1968-05-26,
157,http://www.wikidata.org/entity/Q235349,Jill Biden,70.0,Author,1951-06-03,
158,http://www.wikidata.org/entity/Q115243,Amin Maalouf,70.0,Author,1949-02-25,
159,http://www.wikidata.org/entity/Q13888,Luchino Visconti,70.0,Author,1906-11-02,
160,http://www.wikidata.org/entity/Q50713,Jean Renoir,69.0,Author,1894-09-15,
161,http://www.wikidata.org/entity/Q213287,Marlee Matlin,67.0,Author,1965-08-24,
162,http://www.wikidata.org/entity/Q55165,Krzysztof Kieślowski,67.0,Author,1941-06-27,
163,http://www.wikidata.org/entity/Q337276,Sacha Guitry,67.0,Author,1885-02-21,
164,http://www.wikidata.org/entity/Q298180,Simone Veil,63.0,Author,1927-07-13,
165,http://www.wikidata.org/entity/Q57382,Christa Wolf,63.0,Author,1929-03-18,
166,http://www.wikidata.org/entity/Q937084,Philip Reeve,63.0,Author,1966-02-28,
167,http://www.wikidata.org/entity/Q192707,Charles Barkley,62.0,Author,1963-02-20,
168,http://www.wikidata.org/entity/Q190379,Ian McEwan,61.0,Author,1948-06-21,
169,http://www.wikidata.org/entity/Q206112,Willie Nelson,61.0,Author,1933-04-10,
170,http://www.wikidata.org/entity/Q335064,Vladimir Korolenko,60.0,Author,1853-07-27,
171,http://www.wikidata.org/entity/Q618352,Kevin Hart,60.0,Author,1979-07-06,
172,http://www.wikidata.org/entity/Q105466,Bonnie Wright,59.0,Author,1991-02-17,
173,http://www.wikidata.org/entity/Q111190,F. Sherwood Rowland,59.0,Author,1927-06-28,
174,http://www.wikidata.org/entity/Q313256,Bob Fosse,59.0,Author,1927-06-23,
175,http://www.wikidata.org/entity/Q21163,Ferdinand Tönnies,59.0,Author,1855-07-26,
176,http://www.wikidata.org/entity/Q59945,Jacob Burckhardt,59.0,Author,1818-05-25,
177,http://www.wikidata.org/entity/Q210798,Joris-Karl Huysmans,58.0,Author,1848-02-05,
178,http://www.wikidata.org/entity/Q192217,Rob Schneider,57.0,Author,1963-10-31,
179,http://www.wikidata.org/entity/Q60113,Bernhard von Bülow,56.0,Author,1849-05-03,
180,http://www.wikidata.org/entity/Q49478,Pierre de Marivaux,55.0,Author,1688-02-04,
181,http://www.wikidata.org/entity/Q6722,Carl Friedrich Gauss,189.0,Scientist,1777-04-30,
182,http://www.wikidata.org/entity/Q7604,Leonhard Euler,183.0,Scientist,1707-04-15,
183,http://www.wikidata.org/entity/Q36488,Guglielmo Marconi,127.0,Scientist,1874-04-25,
184,http://www.wikidata.org/entity/Q44481,Pierre-Simon Laplace,123.0,Scientist,1749-03-23,
185,http://www.wikidata.org/entity/Q47480,Paul Dirac,122.0,Scientist,1902-08-08,
186,http://www.wikidata.org/entity/Q58978,Max Born,119.0,Scientist,1882-12-11,
187,http://www.wikidata.org/entity/Q17455,John von Neumann,116.0,Scientist,1903-12-28,
188,http://www.wikidata.org/entity/Q41390,Kurt Gödel,107.0,Scientist,1906-04-28,
189,http://www.wikidata.org/entity/Q58720,Mikhail Lomonosov,107.0,Scientist,1711-11-19,
190,http://www.wikidata.org/entity/Q41239,Konstantin Tsiolkovskii,99.0,Scientist,1857-09-17,
191,http://www.wikidata.org/entity/Q57100,Maria Goeppert Mayer,98.0,Scientist,1906-06-28,
192,http://www.wikidata.org/entity/Q185007,Rita Levi-Montalcini,98.0,Scientist,1909-04-22,
193,http://www.wikidata.org/entity/Q62891,Heike Kamerlingh Onnes,90.0,Scientist,1853-09-21,
194,http://www.wikidata.org/entity/Q104668,Vitaly Ginzburg,87.0,Scientist,1916-10-04,
195,http://www.wikidata.org/entity/Q7426,Ada Yonath,85.0,Scientist,1939-06-22,
196,http://www.wikidata.org/entity/Q102289,Buckminster Fuller,85.0,Scientist,1895-07-12,
197,http://www.wikidata.org/entity/Q185832,Emmanuel Swedenborg,85.0,Scientist,1688-01-29,
198,http://www.wikidata.org/entity/Q150630,Camillo Golgi,79.0,Scientist,1843-07-07,
199,http://www.wikidata.org/entity/Q170842,Sergei Korolev,79.0,Scientist,1907-01-12,
200,http://www.wikidata.org/entity/Q8556,Edsger W. Dijkstra,78.0,Scientist,1930-05-11,
201,http://www.wikidata.org/entity/Q101740,Benoit Mandelbrot,78.0,Scientist,1924-11-20,
202,http://www.wikidata.org/entity/Q103835,Peter Debye,78.0,Scientist,1884-03-24,
203,http://www.wikidata.org/entity/Q15118973,Aziz Sancar,75.0,Scientist,1946-09-08,
204,http://www.wikidata.org/entity/Q179825,Abdelkader El Djezairi,74.0,Scientist,1808-09-06,
205,http://www.wikidata.org/entity/Q17280087,Emmanuelle Charpentier,73.0,Scientist,1968-12-11,
206,http://www.wikidata.org/entity/Q493956,Andrea M. Ghez,70.0,Scientist,1965-06-16,
207,http://www.wikidata.org/entity/Q16389,Charles K. Kao,70.0,Scientist,1933-11-04,
208,http://www.wikidata.org/entity/Q104104,Andre Geim,70.0,Scientist,1958-10-21,
209,http://www.wikidata.org/entity/Q107420,Sheldon Glashow,70.0,Scientist,1932-12-05,
210,http://www.wikidata.org/entity/Q58328,Jean-Baptiste Biot,69.0,Scientist,1774-04-21,
211,http://www.wikidata.org/entity/Q106399,John Howard Northrop,69.0,Scientist,1891-07-05,
212,http://www.wikidata.org/entity/Q182964,Niels Ryberg Finsen,68.0,Scientist,1860-12-15,
213,http://www.wikidata.org/entity/Q214475,Ayaan Hirsi Ali,68.0,Scientist,1969-11-13,
214,http://www.wikidata.org/entity/Q73058,Willard Boyle,67.0,Scientist,1924-08-19,
215,http://www.wikidata.org/entity/Q115490,Tadeusz Reichstein,67.0,Scientist,1897-07-20,
216,http://www.wikidata.org/entity/Q123089,Benjamin Constant,67.0,Scientist,1767-10-25,
217,http://www.wikidata.org/entity/Q192688,Ivar Giaever,67.0,Scientist,1929-04-05,
218,http://www.wikidata.org/entity/Q109588,Serge Haroche,66.0,Scientist,1944-09-11,
219,http://www.wikidata.org/entity/Q192496,Robert Fulton,66.0,Scientist,1765-11-14,
220,http://www.wikidata.org/entity/Q234888,Vera Rubin,66.0,Scientist,1928-07-23,
221,http://www.wikidata.org/entity/Q76373,George E. Smith,65.0,Scientist,1930-05-10,
222,http://www.wikidata.org/entity/Q153238,Leó Szilárd,64.0,Scientist,1898-02-11,
223,http://www.wikidata.org/entity/Q157701,Jaroslav Heyrovský,64.0,Scientist,1890-12-20,
224,http://www.wikidata.org/entity/Q156379,Yury Luzhkov,63.0,Scientist,1936-09-21,
225,http://www.wikidata.org/entity/Q310767,Lazare Carnot,61.0,Scientist,1753-05-13,
226,http://www.wikidata.org/entity/Q57300,Bamir Topi,61.0,Scientist,1957-04-24,
227,http://www.wikidata.org/entity/Q157250,Harry Kroto,60.0,Scientist,1939-10-07,
228,http://www.wikidata.org/entity/Q450317,Chien-Shiung Wu,59.0,Scientist,1912-05-31,
229,http://www.wikidata.org/entity/Q122999,Johann Heinrich Lambert,59.0,Scientist,1728-08-26,
230,http://www.wikidata.org/entity/Q57189,Hans Geiger,58.0,Scientist,1882-09-30,
231,http://www.wikidata.org/entity/Q152298,Gherman Titov,58.0,Scientist,1935-09-11,
232,http://www.wikidata.org/entity/Q65807,Reinhard Genzel,57.0,Scientist,1952-03-24,
233,http://www.wikidata.org/entity/Q108602,Susumu Tonegawa,57.0,Scientist,1939-09-06,
234,http://www.wikidata.org/entity/Q104592,Bruce Beutler,56.0,Scientist,1957-12-29,
235,http://www.wikidata.org/entity/Q106746,Richard Smalley,56.0,Scientist,1943-06-06,
236,http://www.wikidata.org/entity/Q139890,Zack Snyder,56.0,Scientist,1966-03-01,
237,http://www.wikidata.org/entity/Q205981,Alexander Friedmann,56.0,Scientist,1888-06-16,
238,http://www.wikidata.org/entity/Q313211,Alberto Santos-Dumont,55.0,Scientist,1873-07-20,
239,http://www.wikidata.org/entity/Q110106,Julius Axelrod,55.0,Scientist,1912-05-30,
240,http://www.wikidata.org/entity/Q210898,James Lovelock,55.0,Scientist,1919-07-26,
241,http://www.wikidata.org/entity/Q903471,Martin Karplus,54.0,Scientist,1930-03-15,
242,http://www.wikidata.org/entity/Q164374,Pierre-Louis Moreau de Maupertuis,54.0,Scientist,1698-07-17,
243,http://www.wikidata.org/entity/Q1701279,John O'Keefe,54.0,Scientist,1939-11-18,
244,http://www.wikidata.org/entity/Q298341,Raymond Kurzweil,52.0,Scientist,1948-02-12,
245,http://www.wikidata.org/entity/Q311005,Alain Badiou,52.0,Scientist,1937-01-17,
246,http://www.wikidata.org/entity/Q20018,George Biddell Airy,52.0,Scientist,1801-07-27,
247,http://www.wikidata.org/entity/Q315266,Nikolai Pirogov,51.0,Scientist,1810-11-25,
248,http://www.wikidata.org/entity/Q268702,Mary Somerville,50.0,Scientist,1780-12-26,
249,http://www.wikidata.org/entity/Q211097,Finn E. Kydland,50.0,Scientist,1943-12-01,
250,http://www.wikidata.org/entity/Q1235614,Giorgio Parisi,50.0,Scientist,1948-08-04,
251,http://www.wikidata.org/entity/Q105572,Benjamin List,49.0,Scientist,1968-01-11,
252,http://www.wikidata.org/entity/Q157245,Michael Spence,48.0,Scientist,1943-11-07,
253,http://www.wikidata.org/entity/Q160196,Martin Heinrich Klaproth,47.0,Scientist,1743-12-01,
254,http://www.wikidata.org/entity/Q237220,Hiram Bingham III,47.0,Scientist,1875-11-19,
255,http://www.wikidata.org/entity/Q464166,Kathryn D. Sullivan,45.0,Scientist,1951-10-03,
256,http://www.wikidata.org/entity/Q108886,Harrison Schmitt,45.0,Scientist,1935-07-03,
257,http://www.wikidata.org/entity/Q164384,Theodore von Kármán,45.0,Scientist,1881-05-11,
258,http://www.wikidata.org/entity/Q207325,Christian Goldbach,45.0,Scientist,1690-03-18,
259,http://www.wikidata.org/entity/Q42297483,Hary Gunarto,44.0,Scientist,1954-01-01,
260,http://www.wikidata.org/entity/Q8743,Thomas Edison,242.0,Entrepreneur,1847-02-11,
261,http://www.wikidata.org/entity/Q181,Jimmy Wales,226.0,Entrepreneur,1966-08-07,
262,http://www.wikidata.org/entity/Q5284,Bill Gates,226.0,Entrepreneur,1955-10-28,
263,http://www.wikidata.org/entity/Q19837,Steve Jobs,221.0,Entrepreneur,1955-02-24,
264,http://www.wikidata.org/entity/Q23505,George H. W. Bush,192.0,Entrepreneur,1924-06-12,
265,http://www.wikidata.org/entity/Q4688112,Sung Jae-gi,191.0,Entrepreneur,1967-09-11,
266,http://www.wikidata.org/entity/Q8768,Henry Ford,190.0,Entrepreneur,1863-07-30,
267,http://www.wikidata.org/entity/Q317521,Elon Musk,175.0,Entrepreneur,1971-06-28,
268,http://www.wikidata.org/entity/Q11860,Silvio Berlusconi,158.0,Entrepreneur,1936-09-29,
269,http://www.wikidata.org/entity/Q43274,Charles III of the United Kingdom,158.0,Entrepreneur,1948-11-14,
270,http://www.wikidata.org/entity/Q36215,Mark Zuckerberg,157.0,Entrepreneur,1984-05-14,
271,http://www.wikidata.org/entity/Q9041,James Watt,153.0,Entrepreneur,1736-01-19,
273,http://www.wikidata.org/entity/Q47213,Warren Buffett,135.0,Entrepreneur,1930-08-30,
274,http://www.wikidata.org/entity/Q41421,Michael Jordan,133.0,Entrepreneur,1963-02-17,
275,http://www.wikidata.org/entity/Q126462,Thomas Paine,128.0,Entrepreneur,1737-02-09,
276,http://www.wikidata.org/entity/Q58077,Petro Poroshenko,123.0,Entrepreneur,1965-09-26,
278,http://www.wikidata.org/entity/Q3318231,Joko Widodo,113.0,Entrepreneur,1961-06-21,
279,http://www.wikidata.org/entity/Q11998,Kylie Minogue,112.0,Entrepreneur,1968-05-28,
281,http://www.wikidata.org/entity/Q6060,50 Cent,109.0,Entrepreneur,1975-07-06,
282,http://www.wikidata.org/entity/Q48283,Yulia Tymoshenko,109.0,Entrepreneur,1960-11-27,
283,http://www.wikidata.org/entity/Q484265,Andrew Carnegie,106.0,Entrepreneur,1835-11-25,
284,http://www.wikidata.org/entity/Q312556,Jeff Bezos,106.0,Entrepreneur,1964-01-12,
285,http://www.wikidata.org/entity/Q80510,Alla Pugacheva,106.0,Entrepreneur,1949-04-15,
286,http://www.wikidata.org/entity/Q41871,Paul Newman,105.0,Entrepreneur,1925-01-26,
288,http://www.wikidata.org/entity/Q15935,Kanye West,104.0,Entrepreneur,1977-06-08,
289,http://www.wikidata.org/entity/Q4934,Larry Page,102.0,Entrepreneur,1973-03-26,
290,http://www.wikidata.org/entity/Q186304,Kim Kardashian,102.0,Entrepreneur,1980-10-21,
291,http://www.wikidata.org/entity/Q12908,George Soros,101.0,Entrepreneur,1930-08-12,
292,http://www.wikidata.org/entity/Q285536,Imelda Marcos,101.0,Entrepreneur,1929-07-02,
293,http://www.wikidata.org/entity/Q20882,Gustave Eiffel,97.0,Entrepreneur,1832-12-15,
294,http://www.wikidata.org/entity/Q12674,Rudolf Diesel,95.0,Entrepreneur,1858-03-18,
295,http://www.wikidata.org/entity/Q160278,John D. Rockefeller,95.0,Entrepreneur,1839-07-08,
296,http://www.wikidata.org/entity/Q1148669,Cyril Ramaphosa,93.0,Entrepreneur,1952-11-17,
297,http://www.wikidata.org/entity/Q6096,Snoop Dogg,92.0,Entrepreneur,1971-10-20,
298,http://www.wikidata.org/entity/Q19825,Cecil Rhodes,91.0,Entrepreneur,1853-07-05,
299,http://www.wikidata.org/entity/Q19810,Victoria Beckham,90.0,Entrepreneur,1974-04-17,
301,http://www.wikidata.org/entity/Q57373,Asif Ali Zardari,90.0,Entrepreneur,1955-07-26,
302,http://www.wikidata.org/entity/Q306,Sebastián Piñera,89.0,Entrepreneur,1949-12-01,
303,http://www.wikidata.org/entity/Q11578,Venus Williams,89.0,Entrepreneur,1980-06-17,
304,http://www.wikidata.org/entity/Q53944,Rupert Murdoch,89.0,Entrepreneur,1931-03-11,
305,http://www.wikidata.org/entity/Q1137062,Jack Ma,89.0,Entrepreneur,1964-09-10,
306,http://www.wikidata.org/entity/Q104859,Michael Collins,87.0,Entrepreneur,1930-10-31,
307,http://www.wikidata.org/entity/Q122020,Hilary Duff,86.0,Entrepreneur,1987-09-28,
308,http://www.wikidata.org/entity/Q834621,Bono,86.0,Entrepreneur,1960-05-10,
309,http://www.wikidata.org/entity/Q6078,Dr. Dre,85.0,Entrepreneur,1965-02-18,
310,http://www.wikidata.org/entity/Q20850503,Yevgeny Prigozhin,85.0,Entrepreneur,1961-06-01,
311,http://www.wikidata.org/entity/Q132596,Tarō Asō,84.0,Entrepreneur,1940-09-20,
312,http://www.wikidata.org/entity/Q162005,Paul Allen,84.0,Entrepreneur,1953-01-21,
313,http://www.wikidata.org/entity/Q49484,Konstantin Stanislavski,83.0,Entrepreneur,1863-01-17,
314,http://www.wikidata.org/entity/Q160518,Gustaf Dalén,83.0,Entrepreneur,1869-11-30,
315,http://www.wikidata.org/entity/Q62766,Jay-Z,82.0,Entrepreneur,1969-12-04,
316,http://www.wikidata.org/entity/Q134068,Nawaz Sharif,82.0,Entrepreneur,1949-12-25,
317,http://www.wikidata.org/entity/Q32849,Akon,81.0,Entrepreneur,1973-04-16,
318,http://www.wikidata.org/entity/Q179374,Robert Owen,81.0,Entrepreneur,1771-05-14,
319,http://www.wikidata.org/entity/Q194419,Richard Branson,81.0,Entrepreneur,1950-07-18,
320,http://www.wikidata.org/entity/Q263696,Debbie Reynolds,81.0,Entrepreneur,1932-04-01,
321,http://www.wikidata.org/entity/Q33240,Drake,80.0,Entrepreneur,1986-10-24,
322,http://www.wikidata.org/entity/Q57670,Yingluck Shinawatra,80.0,Entrepreneur,1967-06-21,
323,http://www.wikidata.org/entity/Q60029,Oskar Schindler,79.0,Entrepreneur,1908-04-28,
324,http://www.wikidata.org/entity/Q180455,Aristotle Onassis,79.0,Entrepreneur,1906-01-15,
325,http://www.wikidata.org/entity/Q186111,Akbar Hashemi Rafsanjani,79.0,Entrepreneur,1934-08-25,
326,http://www.wikidata.org/entity/Q194280,Hugh Hefner,79.0,Entrepreneur,1926-04-09,
327,http://www.wikidata.org/entity/Q43137,Sofia Rotaru,78.0,Entrepreneur,1947-08-07,
328,http://www.wikidata.org/entity/Q60036,Heidi Klum,78.0,Entrepreneur,1973-06-01,
329,http://www.wikidata.org/entity/Q134183,Magic Johnson,78.0,Entrepreneur,1959-08-14,
330,http://www.wikidata.org/entity/Q170419,Carlos Slim,78.0,Entrepreneur,1940-01-28,
331,http://www.wikidata.org/entity/Q463877,Melinda Gates,78.0,Entrepreneur,1964-08-15,
332,http://www.wikidata.org/entity/Q133544,John Logie Baird,77.0,Entrepreneur,1888-08-13,
333,http://www.wikidata.org/entity/Q298547,Mukesh Ambani,77.0,Entrepreneur,1957-04-19,
334,http://www.wikidata.org/entity/Q54168,J. P. Morgan,76.0,Entrepreneur,1837-04-17,
335,http://www.wikidata.org/entity/Q927550,Malcolm Turnbull,76.0,Entrepreneur,1954-10-24,
336,http://www.wikidata.org/entity/Q183439,Nina Dobrev,76.0,Entrepreneur,1989-01-09,
337,http://www.wikidata.org/entity/Q160219,Stephenie Meyer,75.0,Entrepreneur,1973-12-24,
338,http://www.wikidata.org/entity/Q164373,Thaksin Shinawatra,75.0,Entrepreneur,1949-07-26,
339,http://www.wikidata.org/entity/Q2069,Juan Manuel Fangio,74.0,Entrepreneur,1911-06-24,
340,http://www.wikidata.org/entity/Q78489,Niki Lauda,74.0,Entrepreneur,1949-02-22,
341,http://www.wikidata.org/entity/Q57098,Gottlieb Daimler,74.0,Entrepreneur,1834-03-17,
342,http://www.wikidata.org/entity/Q189081,Howard Hughes,74.0,Entrepreneur,1905-12-24,
343,http://www.wikidata.org/entity/Q15615,Lil Wayne,73.0,Entrepreneur,1982-09-27,
344,http://www.wikidata.org/entity/Q93153,Armen Sarkissian,72.0,Entrepreneur,1953-06-23,
345,http://www.wikidata.org/entity/Q57106,Heinrich Schliemann,72.0,Entrepreneur,1822-01-06,
346,http://www.wikidata.org/entity/Q152503,Mikhail Khodorkovsky,72.0,Entrepreneur,1963-06-26,
347,http://www.wikidata.org/entity/Q172303,Tyra Banks,72.0,Entrepreneur,1973-01-01,
348,http://www.wikidata.org/entity/Q92759,Larry Ellison,71.0,Entrepreneur,1944-08-17,
349,http://www.wikidata.org/entity/Q159577,Jet Li,116.0,Athlete,1963-04-26,
350,http://www.wikidata.org/entity/Q162043,Eusébio,91.0,Athlete,1942-01-25,
351,http://www.wikidata.org/entity/Q483137,Petr Čech,71.0,Athlete,1982-05-20,
352,http://www.wikidata.org/entity/Q44158,Dave Bautista,66.0,Athlete,1969-01-18,
353,http://www.wikidata.org/entity/Q529925,Magnús Scheving,65.0,Athlete,1964-11-10,
354,http://www.wikidata.org/entity/Q171295,Pavel Nedvěd,62.0,Athlete,1972-08-30,
355,http://www.wikidata.org/entity/Q18797,Wladimir Klitschko,55.0,Athlete,1976-03-25,
356,http://www.wikidata.org/entity/Q209390,Jackie Joyner-Kersee,54.0,Athlete,1962-03-03,
357,http://www.wikidata.org/entity/Q31082,Florence Griffith Joyner,53.0,Athlete,1959-12-21,
358,http://www.wikidata.org/entity/Q242201,Ronda Rousey,53.0,Athlete,1987-02-01,
359,http://www.wikidata.org/entity/Q16849,Matti Nykänen,52.0,Athlete,1963-07-17,
360,http://www.wikidata.org/entity/Q319351,Roger Bannister,51.0,Athlete,1929-03-23,
361,http://www.wikidata.org/entity/Q31377,Pavel Horváth,47.0,Athlete,1975-04-22,
362,http://www.wikidata.org/entity/Q229503,Věra Čáslavská,47.0,Athlete,1942-05-03,
363,http://www.wikidata.org/entity/Q76455,Magdalena Neuner,46.0,Athlete,1987-02-09,
364,http://www.wikidata.org/entity/Q109255,Bernard Hinault,44.0,Athlete,1954-11-14,
365,http://www.wikidata.org/entity/Q157847,Toni Schumacher,43.0,Athlete,1954-03-06,
366,http://www.wikidata.org/entity/Q278239,Vladimír Darida,43.0,Athlete,1990-08-08,
367,http://www.wikidata.org/entity/Q310989,Dick Fosbury,43.0,Athlete,1947-03-06,
368,http://www.wikidata.org/entity/Q1000592,Tyson Fury,43.0,Athlete,1988-08-12,
369,http://www.wikidata.org/entity/Q255011,Hana Mandlíková,41.0,Athlete,1962-02-19,
370,http://www.wikidata.org/entity/Q230353,Barbora Strýcová,39.0,Athlete,1986-03-28,
371,http://www.wikidata.org/entity/Q234408,Dana Zátopková,38.0,Athlete,1922-09-19,
372,http://www.wikidata.org/entity/Q356271,Georges St-Pierre,38.0,Athlete,1981-05-19,
373,http://www.wikidata.org/entity/Q233683,Jarmila Kratochvílová,36.0,Athlete,1951-01-26,
374,http://www.wikidata.org/entity/Q312695,Dominik Hašek,36.0,Athlete,1965-01-29,
375,http://www.wikidata.org/entity/Q334393,David Limberský,35.0,Athlete,1983-10-06,
376,http://www.wikidata.org/entity/Q314712,Barry Bonds,34.0,Athlete,1964-07-24,
377,http://www.wikidata.org/entity/Q769648,Ivan Poddubny,33.0,Athlete,1871-10-08,
378,http://www.wikidata.org/entity/Q361587,Kevin Peter Hall,32.0,Athlete,1955-05-09,
379,http://www.wikidata.org/entity/Q463531,Jean-Baptiste Charcot,31.0,Athlete,1867-07-15,
380,http://www.wikidata.org/entity/Q506188,Thomas Lipton,31.0,Athlete,1848-05-10,
381,http://www.wikidata.org/entity/Q334334,Daniel Kolář,31.0,Athlete,1985-10-27,
382,http://www.wikidata.org/entity/Q926482,Wim Hof,31.0,Athlete,1959-04-20,
383,http://www.wikidata.org/entity/Q382073,Filip Jícha,30.0,Athlete,1982-04-19,
384,http://www.wikidata.org/entity/Q11581,Andrea Sestini Hlaváčková,30.0,Athlete,1986-08-10,
385,http://www.wikidata.org/entity/Q15542,Jefferson Pérez,29.0,Athlete,1974-07-13,
386,http://www.wikidata.org/entity/Q77389,Robert Hübner,29.0,Athlete,1948-11-06,
387,http://www.wikidata.org/entity/Q240984,Elena Novikova-Belova,28.0,Athlete,1947-07-28,
388,http://www.wikidata.org/entity/Q18129428,Zhan Beleniuk,28.0,Athlete,1991-01-24,
389,http://www.wikidata.org/entity/Q69353976,Marileidy Paulino,28.0,Athlete,1996-10-25,
390,http://www.wikidata.org/entity/Q380115,Michal Bílek,27.0,Athlete,1965-04-13,
391,http://www.wikidata.org/entity/Q529479,Jozef Adamec,27.0,Athlete,1942-02-26,
392,http://www.wikidata.org/entity/Q47085,Olga Fikotová,27.0,Athlete,1932-11-13,
393,http://www.wikidata.org/entity/Q57907,Heide Rosendahl,27.0,Athlete,1947-02-14,
394,http://www.wikidata.org/entity/Q347184,Roman Kreuziger,27.0,Athlete,1986-05-06,
395,http://www.wikidata.org/entity/Q41152,Akebono Tarō,26.0,Athlete,1969-05-08,
396,http://www.wikidata.org/entity/Q1162679,Daniel Scioli,26.0,Athlete,1957-01-13,
397,http://www.wikidata.org/entity/Q19364345,Katerina Tikhonova,26.0,Athlete,1986-08-31,
398,http://www.wikidata.org/entity/Q380050,Chuck Liddell,25.0,Athlete,1969-12-17,
399,http://www.wikidata.org/entity/Q388631,Ivan Hlinka,25.0,Athlete,1950-01-26,
400,http://www.wikidata.org/entity/Q508407,Frank Shorter,25.0,Athlete,1947-10-31,
401,http://www.wikidata.org/entity/Q1383333,Matúš Kozáčik,25.0,Athlete,1983-12-27,
402,http://www.wikidata.org/entity/Q62177,Hans Günter Winkler,25.0,Athlete,1926-07-24,
403,http://www.wikidata.org/entity/Q440237,Stan Mikita,24.0,Athlete,1940-05-20,
404,http://www.wikidata.org/entity/Q558630,Toghrul Asgarov,24.0,Athlete,1992-09-17,
405,http://www.wikidata.org/entity/Q714669,Oleg Taktarov,24.0,Athlete,1967-08-26,
406,http://www.wikidata.org/entity/Q17279884,Carlo Biotti,24.0,Athlete,1901-06-05,
407,http://www.wikidata.org/entity/Q56367677,Yuliia Paievska,24.0,Athlete,1968-12-19,
408,http://www.wikidata.org/entity/Q594863,Anton Tkáč,23.0,Athlete,1951-03-30,
409,http://www.wikidata.org/entity/Q328892,Rory Stewart,23.0,Athlete,1973-01-03,
410,http://www.wikidata.org/entity/Q361207,Jaroslav Šilhavý,23.0,Athlete,1961-11-03,
411,http://www.wikidata.org/entity/Q22128988,Haruka Kitaguchi,23.0,Athlete,1998-03-16,
412,http://www.wikidata.org/entity/Q54860781,Florian Munteanu,23.0,Athlete,1990-01-01,
413,http://www.wikidata.org/entity/Q463639,Ana Mendieta,22.0,Athlete,1948-11-18,
414,http://www.wikidata.org/entity/Q221185,Kateřina Emmons,22.0,Athlete,1983-11-17,
415,http://www.wikidata.org/entity/Q264664,Denis Urubko,22.0,Athlete,1973-07-29,
416,http://www.wikidata.org/entity/Q28549814,Felipe Drugovich,22.0,Athlete,2000-05-23,
417,http://www.wikidata.org/entity/Q914398,Robert Lang,21.0,Athlete,1970-12-19,
418,http://www.wikidata.org/entity/Q2743313,Kianoush Rostami,21.0,Athlete,1991-07-23,
419,http://www.wikidata.org/entity/Q4725739,Alice Bah Kuhnke,21.0,Athlete,1971-12-21,
420,http://www.wikidata.org/entity/Q471180,Tom Danielson,20.0,Athlete,1978-03-13,
421,http://www.wikidata.org/entity/Q612157,Czesław Lang,20.0,Athlete,1955-05-17,
422,http://www.wikidata.org/entity/Q203028,Tomáš Pospíchal,20.0,Athlete,1936-06-26,
423,http://www.wikidata.org/entity/Q254108,María Julia Mantilla,20.0,Athlete,1984-07-10,
424,http://www.wikidata.org/entity/Q1159127,Dan Millman,20.0,Athlete,1946-02-22,
425,http://www.wikidata.org/entity/Q3503911,Jan Jindra,20.0,Athlete,1932-03-06,
426,http://www.wikidata.org/entity/Q23658761,Parviz Nasibov,20.0,Athlete,1998-08-18,
427,http://www.wikidata.org/entity/Q598571,Oszkár Gerde,19.0,Athlete,1883-07-08,
428,http://www.wikidata.org/entity/Q672149,Arkady Vorobyov,19.0,Athlete,1924-01-01,
429,http://www.wikidata.org/entity/Q1385994,Jaroslav Holík,19.0,Athlete,1942-08-03,
430,http://www.wikidata.org/entity/Q890940,Bohumil Němeček,19.0,Athlete,1938-01-02,
431,http://www.wikidata.org/entity/Q950537,Karel Rada,19.0,Athlete,1971-03-02,
432,http://www.wikidata.org/entity/Q957327,Tomáš Šmíd,19.0,Athlete,1956-05-20,
433,http://www.wikidata.org/entity/Q1029029,Jiří Holík,19.0,Athlete,1944-07-09,
434,http://www.wikidata.org/entity/Q3395941,Alfred Lyttelton,19.0,Athlete,1857-02-07,
435,http://www.wikidata.org/entity/Q3435327,Magdalena Aicega,19.0,Athlete,1973-11-01,
436,http://www.wikidata.org/entity/Q3441227,Joseph Rantz,19.0,Athlete,1914-03-31,
437,http://www.wikidata.org/entity/Q30090663,Michael Cherry,19.0,Athlete,1995-03-23,
438,http://www.wikidata.org/entity/Q702841,Oldřich Machač,18.0,Athlete,1946-04-18,
439,http://www.wikidata.org/entity/Q703795,Martin Jakš,18.0,Athlete,1986-09-06,
440,,Lady Gaga,,Singer,,129.0
441,,Justin Bieber,,Singer,,114.0
442,,Freddie Mercury,,Singer,,113.0
443,,Rihanna,,Singer,,91.0
444,,Elvis Presley,,Singer,,90.0
445,,Nicki Minaj,,Singer,,78.0
446,,Jennifer Lopez,,Singer,,75.0
447,,Britney Spears,,Singer,,74.0
448,,Adele,,Singer,,73.0
449,,Prince,,Singer,,72.0
450,,Lali Espósito,,Singer,,64.0
451,,Bob Marley,,Singer,,63.0
452,,Dwayne Johnson,,Actor,,108.0
453,,Tom Cruise,,Actor,,91.0
454,,Keanu Reeves,,Actor,,85.0
455,,Meghan Markle,,Actor,,83.0
456,,Mila Kunis,,Actor,,82.0
457,,Brad Pitt,,Actor,,77.0
458,,Ryan Reynolds,,Actor,,77.0
459,,Heath Ledger,,Actor,,74.0
460,,Sylvester Stallone,,Actor,,73.0
461,,Jennifer Lawrence,,Actor,,71.0
462,,Mark Wahlberg,,Actor,,68.0
463,,Megan Fox,,Actor,,66.0
464,,Tom Hardy,,Actor,,65.0
465,,Kristen Stewart,,Actor,,63.0
466,,The Undertaker,,Actor,,63.0
467,,Cristiano Ronaldo,,Athlete,,151.0
468,,Lionel Messi,,Athlete,,125.0
469,,LeBron James,,Athlete,,94.0
470,,Kobe Bryant,,Athlete,,92.0
471,,Muhammad Ali,,Athlete,,83.0
472,,Tom Brady,,Athlete,,80.0
473,,John Cena,,Athlete,,77.0
474,,Roger Federer,,Athlete,,66.0
475,,Mike Tyson,,Athlete,,64.0
476,,O. J. Simpson,,Athlete,,60.0
477,,Shaquille O'Neal,,Athlete,,58.0
478,,Conor McGregor,,Athlete,,54.0
479,,Rafael Nadal,,Athlete,,54.0
480,,Serena Williams,,Athlete,,51.0
481,,Neymar,,Athlete,,50.0
482,,Brock Lesnar,,Athlete,,49.0
483,,Zlatan Ibrahimovic,,Athlete,,49.0
484,,Novak Djokovic,,Athlete,,48.0
485,,Stephen Curry,,Athlete,,47.0
486,,Tiger Woods,,Athlete,,47.0
487,,Manny Pacquiao,,Athlete,,42.0
488,,Michael Phelps,,Athlete,,42.0
489,,Virat Kohli,,Athlete,,42.0
490,,Triple H,,Athlete,,41.0
491,,Caitlyn Jenner,,Athlete,,41.0
492,,Usain Bolt,,Athlete,,40.0
493,,Peyton Manning,,Athlete,,40.0
494,,Sachin Tendulkar,,Athlete,,40.0
495,,Michael Oher,,Athlete,,37.0
496,,Wayne Rooney,,Athlete,,37.0
497,,Ronaldinho,,Athlete,,37.0
498,,Ronaldo,,Athlete,,37.0
499,,Elizabeth II,,HoS,,198.0
502,,Abraham Lincoln,,HoS,,95.0
503,,Charles III,,HoS,,94.0
504,,Joe Biden,,HoS,,91.0
505,,"Prince Philip, Duke of Edinburgh",,HoS,,90.0
506,,Queen Victoria,,HoS,,88.0
507,,John F. Kennedy,,HoS,,87.0
508,,"Diana, Princess of Wales",,HoS,,86.0
509,,"Meghan, Duchess of Sussex",,HoS,,83.0
510,,Winston Churchill,,HoS,,78.0
511,,Vladimir Putin,,HoS,,77.0
512,,"Princess Margaret, Countess of Snowdon",,HoS,,77.0
513,,George VI,,HoS,,74.0
514,,Kamala Harris,,HoS,,71.0
515,,Mahatma Gandhi,,HoS,,71.0
516,,George W. Bush,,HoS,,71.0
517,,Henry VIII of England,,HoS,,67.0
519,,Franklin D. Roosevelt,,HoS,,64.0
520,,George Washington,,HoS,,64.0
521,,Bill Clinton,,HoS,,63.0
523,,Elizabeth I,,HoS,,58.0
524,,Alexander Hamilton,,HoS,,56.0
525,,Edward VIII,,HoS,,56.0
526,,Margaret Thatcher,,HoS,,56.0
527,,Vin Diesel,,Actor,,106.0
528,,Jason Statham,,Actor,,74.0
529,,Jackie Chan,,Actor,,71.0
530,,Bruno Mars,,Singer,,71.0
531,,Kylie Jenner,,Actor,,397.0
532,,Khloé Kardashian,,Actor,,306.0
533,,Kendall Jenner,,Actor,,291.0
534,,Kourtney Kardashian,,Actor,,221.0
535,,Zendaya,,Actor,,182.0
536,,Cardi B,,Singer,,165.0
537,,Chris Brown,,Singer,,144.0
538,,Ellen DeGeneres,,Actor,,138.0
539,,Kylian Mbappé,,Athlete,,122.0
540,,Billie Eilish,,Singer,,119.0
541,,Gal Gadot,,Actor,,108.0
542,,Lisa,,Singer,,104.0
543,,Shraddha Kapoor,,Actor,,93.0
544,,Priyanka Chopra,,Actor,,91.8
545,,Narendra Modi,,HoS,,91.2
546,,Dua Lipa,,Singer,,87.6
547,,Jennie,,Singer,,85.2
548,,Alia Bhatt,,Actor,,85.2
549,,Justin Timberlake,,Singer,,60.5
550,,Jimmy Fallon,,Actor,,49.6
551,,Akshay Kumar,,Actor,,46.8
552,,Salman Khan,,Actor,,45.6
553,,Niall Horan,,Singer,,39.8
